name,url,username,password
1337x.to,https://1337x.to/register,user@usermail.com,"=qsPtHzpL"""
1337x.to,https://1337x.to/register,user@usermail.com,3v9PP@E9
192.168.0.1,http://192.168.0.1/,user@usermail.com,"(69T""]+`"
192.168.0.1,http://192.168.0.1/userRpm/WzdPPPoERpm.htm,user@usermail.com,EDZ0eU{T
192.168.0.100,http://192.168.0.100:8080/,user@usermail.com,<j-N)+4f
192.168.1.1,http://192.168.1.1/apply.cgi,user@usermail.com,xhCgHT*3
192.168.1.1,http://192.168.1.1/,user@usermail.com,%tf+|sL\
192.168.1.1,http://192.168.1.1/userRpm/PPPoECfgRpm.htm,user@usermail.com,\jpw(X:k
192.168.3.1,http://192.168.3.1/,user@usermail.com,(3ZGUZJ?
192.168.3.1,http://192.168.3.1/userRpm/WzdPPPoERpm.htm,user@usermail.com,!LX5$OP8
www.4shared.com,http://www.4shared.com/get/WHMLc-Nj/navifirmplus_17.html,user@usermail.com,a(l`LrH#
www.4shared.com,https://www.4shared.com/web/acc/signup,user@usermail.com,nME8Jl4I
9gag.com,https://9gag.com/login,user@usermail.com,:+tB_>[N
9gag.com,http://9gag.com/gag/ap0KWon,user@usermail.com,MqF+}y5V
9gag.com,https://9gag.com/login,user@usermail.com,UzE?=Rd2
accounts.9gag.com,https://accounts.9gag.com/account/authenticate,user@usermail.com,`f$x_IDi
qbc.acnpartner.ca,http://qbc.acnpartner.ca/digital/login.aspx,user@usermail.com,i@n~axe]
www.airbnb.ca,https://www.airbnb.ca/reservation/itinerary,user@usermail.com,"""ChnXGz^"
www.amazon.ca,https://www.amazon.ca/ap/register,user@usermail.com,kG*XF%7~
www.amazon.com,https://www.amazon.com/ap/signin,user@usermail.com,dR@C`H.p
www.angusreidforum.com,https://www.angusreidforum.com/Portal/login.aspx,user@usermail.com,T<\_!Jb;
animetorrents.me,http://animetorrents.me/register.php,user@usermail.com,i0}F(ukd
appleid.apple.com,https://appleid.apple.com/account,user@usermail.com,Q7QcnulY
idmsa.apple.com,https://idmsa.apple.com/IDMSWebAuth/login.html,user@usermail.com,!%d)&-'j
idmsa.apple.com,https://idmsa.apple.com/appleauth/auth/signin,user@usermail.com,Yru'n#!q
www.archive-au-2013.com,http://www.archive-au-2013.com/open-archive/2592910/2013-08-10/d01cc8ed28da27c8cf2bf7adcbfdba1a,user@usermail.com,Xmbkd>ic
id.arduino.cc,https://id.arduino.cc/auth/signup,user@usermail.com,Sh#_ZoQ/
ask.fm,https://ask.fm/remind/update/024cb05ee02ab66b0b34a10576bd4fb0,user@usermail.com,=C9ppxC(
account.asus.com,https://account.asus.com/signup.aspx,user@usermail.com,rru'l'bn
rog.asus.com,http://rog.asus.com/forum/userupgrade.php,user@usermail.com,5SWdjX2x
accounts.autodesk.com,https://accounts.autodesk.com/User/RegisterEducationUser,user@usermail.com,PYVF6`*}
banglapdf.net,http://banglapdf.net/,user@usermail.com,!qoBmDg+
us.battle.net,https://us.battle.net/login/en/,user@usermail.com,bq(xr:t8
jobs.bce.ca,https://jobs.bce.ca/the-source/job/Scarborough-Assistant-Store-Manager-The-Source-ON/384730300/,user@usermail.com,VWYm2X/r
bdspeedytech.com,http://bdspeedytech.com/index.php,user@usermail.com,(TR?s}b}
bikroy.com,http://bikroy.com/bn/users/log_in,user@usermail.com,"bxucSY""h"
blackliquidsoftware.com,http://blackliquidsoftware.com/index.php,user@usermail.com,=OE1sdex
www-34g.bookeo.com,https://www-34g.bookeo.com/bookeo/b_saveTime.html,user@usermail.com,gDSgr}L<
boombeach-tracker.com,http://boombeach-tracker.com/boombeach.pl,user@usermail.com,OLBk?j)X
brilliant.org,https://brilliant.org/account/login/,user@usermail.com,hG/Mk/DP
services3.cic.gc.ca,https://services3.cic.gc.ca/ecas/authenticate.do,user@usermail.com,vN0gdX(]
clashofclans-tracker.com,http://clashofclans-tracker.com/coc.pl,user@usermail.com,"|,K~%RMX"
clegc-gckey.gc.ca,https://clegc-gckey.gc.ca/j/eng/l,user@usermail.com,mB{)>]Yk
clegc-gckey.gc.ca,https://clegc-gckey.gc.ca/j/eng/l,user@usermail.com,hk&F='tB
www.esheba.cnsbd.com,https://www.esheba.cnsbd.com/user/resetvarification/code/923913928948950,user@usermail.com,ae=Q_STS
,android://rOo56i6wJSuhTToG8s1V3ZsRmd-gv2eEMdqG75TFH2kmlRbK35kk8yIbEmg5-zWO37z1oX_cySDCoXW3THw79w==@com.contextlogic.wish/,user@usermail.com,"FeC8|/""v"
www.coursera.org,https://www.coursera.org/learn/learn-chinese,user@usermail.com,=i\Z&k$l
www.crazyhd.com,http://www.crazyhd.com/index.php,user@usermail.com,M$0$H2_!
www.crazyhd.com,http://www.crazyhd.com/index.php,user@usermail.com,%V|1)<V'
www.ctfs.com,https://www.ctfs.com/content/dash/en/public/login.html,user@usermail.com,~C08W%z_
mtyrewards.datacandyinfo.com,https://mtyrewards.datacandyinfo.com/profile/register,user@usermail.com,$7qI;{&z
discordapp.com,https://discordapp.com/channels/welcome/160173540010754049/161168260627169280/0,user@usermail.com,pxQdi6n8
,android://0mxF7gRbL1Erv-6PlnR82jAP6lGaonT58okn_6fDdiqJuSFgX4aVoIyNFwhPQzm2smYltWO3qwuGjil466nBIQ==@com.disney.disneyplus/,user@usermail.com,<kV#pG~+
www.dropbox.com,https://www.dropbox.com/,user@usermail.com,7);Gpy\Q
www.duolingo.com,https://www.duolingo.com/comment/548018$from_email=comment&comment_id=7090433,user@usermail.com,WKr~$UP*
signin.ea.com,https://signin.ea.com/p/web2/resetPassword,user@usermail.com,w<nI)=#<
www.ebates.ca,https://www.ebates.ca/help/reset-password,user@usermail.com,|S+q$7|A
accounts.eclipse.org,https://accounts.eclipse.org/user/register,user@usermail.com,jEK.~1}e
www.ekhanei.com,https://www.ekhanei.com/login-signup,user@usermail.com,r$C]k6*'
account.elderscrollsonline.com,https://account.elderscrollsonline.com/register/account-information,user@usermail.com,6.^_sbQR
account.elderscrollsonline.com,https://account.elderscrollsonline.com/login,user@usermail.com,0&AkEbux
www.endomondo.com,https://www.endomondo.com/login/id/11159882/return/com.endomondo.web.page.profile.ProfilePage,user@usermail.com,L^~<DTFc
www.enotes.com,https://www.enotes.com/jax/index.php/checkout/trial,user@usermail.com,q@Wo.H(P
login.eveonline.com,https://login.eveonline.com/Account/LogOn,user@usermail.com,+?D}ps8u
secure.eveonline.com,https://secure.eveonline.com/signup/,user@usermail.com,tmv'>m%#
www.facebook.com,https://www.facebook.com/RoboticsClubMBSTU/settings/,user@usermail.com,Zm>>7Z+^
www.facebook.com,https://www.facebook.com/recover/initiate,user@usermail.com,k^_)_RLh
www.facebook.com,https://www.facebook.com/,user@usermail.com,ePkxS@Ec
www.facebook.com,https://www.facebook.com/,user@usermail.com,!t`PENWr
www.fido.ca,https://www.fido.ca/pages/,user@usermail.com,k!z$Z>H=
www.fido.ca,https://www.fido.ca/pages/,user@usermail.com,"+B\gbW""r"
www.fitbit.com,https://www.fitbit.com/login/setNewForgotPassword,user@usermail.com,yOUdi-*X
accounts.fitbit.com,https://accounts.fitbit.com/login,user@usermail.com,^lt6.I3x
www.fitzii.com,https://www.fitzii.com/jobseekers/password/edit,user@usermail.com,G(vve~)f
gamekit.com,https://gamekit.com/,user@usermail.com,&U./Lg'Q
login.gearbest.com,https://login.gearbest.com/m-users-a-sign.htm,user@usermail.com,"oI,<+km1"
github.com,https://github.com/login,user@usermail.com,"j;*@`""jz"
accounts.google.com,https://accounts.google.com/signin/v2/sl/pwd,user@usermail.com,6k!^PW-^
accounts.google.com,https://accounts.google.com/AddSession,user@usermail.com,B@mIU_V&
accounts.google.com,https://accounts.google.com/ServiceLogin,user@usermail.com,spA|-CbU
myaccount.google.com,https://myaccount.google.com/security/signinoptions/password,user@usermail.com,"sA1ag""\@"
remotedesktop.google.com,https://remotedesktop.google.com/u/1/access/session/b6824f16-58d9-dbe4-12a9-7c017244ff60,user@usermail.com,Y7-c#_R{
www.grammarly.com,https://www.grammarly.com/signin,user@usermail.com,xW3u4ee0
jobs.gtech.com,https://jobs.gtech.com/job/North-York-Call-Center-Associate-ON/401196600/,user@usermail.com,>~t=gT_N
www.hrapply.com,https://www.hrapply.com/shoppers/CreateAccount.app,user@usermail.com,R92eE}Xy
freedommobile.mua.hrdepartment.com,https://freedommobile.mua.hrdepartment.com/hr/ats/JobSeeker/createAccount,user@usermail.com,5P.tO76A
www.humblebundle.com,https://www.humblebundle.com/login,user@usermail.com,E'cN><$K
,android://MYExu9Tv3m412N_fvXcwEbwxfpfSUPdfpHW2_T7J9J97gmkXF3ScYJC-tD2gevgUg91h842hB8cP3SEYwuHfTQ==@com.imgur.mobile/,user@usermail.com,8;{}vtGz
secure.indeed.com,https://secure.indeed.com/account/login,user@usermail.com,"/1""0UK!>"
www.jetprivilege.com,https://www.jetprivilege.com/,user@usermail.com,J3xZ(Koi
kat.cr,http://kat.cr/,user@usermail.com,"#Z^ZY,(u"
kat.cr,https://kat.cr/,user@usermail.com,RCo{nVl%
kickass.so,https://kickass.so/,user@usermail.com,hCE210b{
kickass.to,https://kickass.to/,user@usermail.com,*\>szWuU
www.kijiji.ca,https://www.kijiji.ca/t-user-registration.html,user@usermail.com,"moI}""*fu"
kissanime.ru,http://kissanime.ru/Login,user@usermail.com,vbjS$b](
kissanime.to,http://kissanime.to/Login,user@usermail.com,ZpNH4AcZ
admission.kuet.ac.bd,http://admission.kuet.ac.bd/frmLogin.aspx,user@usermail.com,Smba{j6z
lassondecoop.com,https://lassondecoop.com/student/student-registration.htm,user@usermail.com,ShD?F:24
www.linkedin.com,https://www.linkedin.com/uas/login,user@usermail.com,[=f+sAuR
login.live.com,https://login.live.com/login.srf,user@usermail.com,CMJ-T\3i
localhost,http://localhost:3132/,user@usermail.com,ZmmiM]*_
www.loveforhobby.com,http://www.loveforhobby.com/~loveforh/index.php/sign_in,user@usermail.com,w>Z4Rf).
login.mathworks.com,https://login.mathworks.com/embedded-login/v2/login.html,user@usermail.com,s4p*l>U%
,android://itcpyKB7DI2ejO3DBp2npKCVmjViDzP-pdFYYMf1OJGTBA8XZKimTUNk8W7hBpUrC8kusUPFRRY3ygwpMPxPFw==@com.memrise.android.memrisecompanion/,user@usermail.com,u5!TX$Nc
login.microsoftonline.com,https://login.microsoftonline.com/common/login,user@usermail.com,uPhE]&YG
www.mocospace.com,http://www.mocospace.com/,user@usermail.com,hkn3~k65
www.modaco.com,https://www.modaco.com/index.php,user@usermail.com,7Oj?$=36
www.modaco.com,http://www.modaco.com/topic/362034-unlock-your-bootloader/,user@usermail.com,"5iXp,HLz"
modthesims.info,http://modthesims.info/d/535846,user@usermail.com,6SbY*6j>
www.modthesims.info,http://www.modthesims.info/profile.php,user@usermail.com,v#G>sqmY
mrantifun.net,http://mrantifun.net/index.php,user@usermail.com,MebMPb.e
,android://fTViiA5-zdhukF5osfRVPRFpmLjmzws_4KDaNqA5jpKFFWlfWKBub1iJr-VUcc5odkKXpc8N87KgQCXRm8JlYg==@com.musixmatch.android.lyrify/,user@usermail.com,&_hOorRn
account.mypearson.com,https://account.mypearson.com/,user@usermail.com,AYLfUlol
portal.mypearson.com,https://portal.mypearson.com/login,user@usermail.com,W`DT1'%~
www.navyfield.com,http://www.navyfield.com/Community/Forum/Main.aspx,user@usermail.com,"SU,zL-#4"
support.navyfield.com,http://support.navyfield.com/MemberInfo/CreateAccount.aspx,user@usermail.com,cFz(}dub
,android://Jzj5T2E45Hb33D-lk-EHZVCrb7a064dEicTwrTYQYGXO99JqE2YERhbMP1qLogwJiy87OsBzC09Gk094Z-U_hg==@com.netflix.mediaclient/,user@usermail.com,>jcDwQ`o
,android://Jzj5T2E45Hb33D-lk-EHZVCrb7a064dEicTwrTYQYGXO99JqE2YERhbMP1qLogwJiy87OsBzC09Gk094Z-U_hg==@com.netflix.mediaclient/,user@usermail.com,aN7c4<w^
www.netflix.com,https://www.netflix.com/getstarted,user@usermail.com,a`E;~c$N
www.netflix.com,https://www.netflix.com/ca/login,user@usermail.com,BF@Jdd/i
oauth.netgear.com,https://oauth.netgear.com/oauth/auth,user@usermail.com,*EgA(3-#
www.nexusmods.com,http://www.nexusmods.com/skyrim/users/login/,user@usermail.com,=LEJv|^H
forums.nexusmods.com,https://forums.nexusmods.com/index.php,user@usermail.com,U%(8TV+i
forums.nexusmods.com,https://forums.nexusmods.com/index.php,user@usermail.com,80>y!Y:&
auth.opera.com,https://auth.opera.com/account/lost-password/reset/NDAxNjQyOTIy/set-password,user@usermail.com,B]Imm0CV
horizon.ouac.on.ca,https://horizon.ouac.on.ca/webapp/logon.d2w/report,user@usermail.com,"l""3nZ|a/"
horizon.ouac.on.ca,https://horizon.ouac.on.ca/webapp/logon.d2w/report,user@usermail.com,m-a<ased
horizon.ouac.on.ca,https://horizon.ouac.on.ca/webapp/logon.d2w/report,user@usermail.com,}tx$n/!O
horizon.ouac.on.ca,https://horizon.ouac.on.ca/apply/uoftint/en_CA/user/create,user@usermail.com,Ks@A@H+|
www.paypal.com,https://www.paypal.com/signin,user@usermail.com,%NDMsao1
pcpartpicker.com,https://pcpartpicker.com/accounts/login/,user@usermail.com,~<)@qeWJ
ca.pcpartpicker.com,https://ca.pcpartpicker.com/accounts/login/,user@usermail.com,))=u{sE(
uk.pcpartpicker.com,https://uk.pcpartpicker.com/accounts/login/,user@usermail.com,Cd4#Az%\
pi.pearsoned.com,https://pi.pearsoned.com/v1/piapi/piui/signin,user@usermail.com,h'+<_S?.
basil.peopleanswers.com,https://basil.peopleanswers.com/pa-testing-web/registration/registration,user@usermail.com,"""~kE,]iM"
piazza.com,https://piazza.com/first_login,user@usermail.com,"!oPqM%,J"
piazza.com,https://piazza.com/,user@usermail.com,;/$]i8um
www.pinterest.com,https://www.pinterest.com/join/,user@usermail.com,pGS{]V[O
www.pottermore.com,https://www.pottermore.com/account/join,user@usermail.com,Y4GNWY]N
my.pottermore.com,https://my.pottermore.com/account/login,user@usermail.com,dK4wA6:h
www.prestocard.ca,https://www.prestocard.ca/en/,user@usermail.com,sio66WC6
webaccess.psu.edu,https://webaccess.psu.edu/,user@usermail.com,"4N=""ELB:"
splash.purepages.ca,http://splash.purepages.ca/elrs/,user@usermail.com,"~F%""ow01"
zc.qq.com,http://zc.qq.com/iframe/6/index.html,user@usermail.com,_fkGx~$O
rarbg.to,http://rarbg.to/index8.php,user@usermail.com,l(yrMjTU
www.raspberrypi.org,https://www.raspberrypi.org/forums/ucp.php,user@usermail.com,}kh5`S13
www.reddit.com,https://www.reddit.com/r/androidapps/comments/2dq3bt/difference_reddit_is_fun_free_vs_pro/,user@usermail.com,-wzhtB_\
support.ridepace.com,https://support.ridepace.com/reset-password/kMsINPYzSPiu2vWhvEEMi357FyTwadoW4uZTVG1DBf0,user@usermail.com,fl+fQ_wp
socialclub.rockstargames.com,https://socialclub.rockstargames.com/crews,user@usermail.com,OR={!>m-
jobs.rogers.com,https://jobs.rogers.com/job/Toronto-Technical-Support-Representative-ON-M3B-1Z1/406752900/,user@usermail.com,d9qL}At{
rutracker.net,https://rutracker.net/forum/profile.php,user@usermail.com,%^+)l5Bb
www.ryanscomputers.com,http://www.ryanscomputers.com/loginuser.php,user@usermail.com,Jz*.S:JA
cas.ryerson.ca,https://cas.ryerson.ca/login,user@usermail.com,xme%qQ?H
choose.ryerson.ca,https://choose.ryerson.ca/myuniversity/update_username_password.html,user@usermail.com,",8bTv\G7"
mail.ryerson.ca,https://mail.ryerson.ca/iwc_static/c11n/allDomain/layout/login.html,user@usermail.com,U>fW)AV]
www.scene.ca,https://www.scene.ca/account/login,user@usermail.com,4P\2[$KL
www.scotiaonline.scotiabank.com,https://www.scotiaonline.scotiabank.com/online/authentication/authentication.bns,user@usermail.com,@_[Jb38u
cshub-york.slack.com,https://cshub-york.slack.com/signup/MTMzMjY2NDk3NDEwLWJjNWEzMmRjMzQ,user@usermail.com,EuNEB6RI
www.slatedroid.com,http://www.slatedroid.com/index.php,user@usermail.com,QljCPT^L
www.slideshare.net,https://www.slideshare.net/account/render_modal_login,user@usermail.com,=Y41u!GQ
2016.spaceappschallenge.org,https://2016.spaceappschallenge.org/auth/register/,user@usermail.com,s9Z?!nbI
www.spotify.com,https://www.spotify.com/ca-en/signup/,user@usermail.com,*Y8M[zd^
accounts.spotify.com,https://accounts.spotify.com/en-CA/login,user@usermail.com,ZOlhJ.E=
steamcommunity.com,https://steamcommunity.com/login/home/,user@usermail.com,$##:%TEM
help.steampowered.com,https://help.steampowered.com/en/wizard/Login,user@usermail.com,A@}uy|9u
store.steampowered.com,https://store.steampowered.com/login/,user@usermail.com,$dEn6&BA
www.sunlife.ca,https://www.sunlife.ca/,user@usermail.com,PR~i)Lgg
www.sunnet.sunlife.com,https://www.sunnet.sunlife.com/signin/mysunlife/home.wca,user@usermail.com,dod40HM@
www.sunnet.sunlife.com,https://www.sunnet.sunlife.com/mbrportal/req/secure/pphp/lobby/consumerLobbySignInAndPreferences,user@usermail.com,oWxg/[y)
forum.supercell.net,http://forum.supercell.net/register.php,user@usermail.com,&m\Cq}VT
hm.taleo.net,https://hm.taleo.net/careersection/careersection/privacyagreement/statementBeforeAuthentification.jsf,user@usermail.com,LKtfvTo!
easyweb.td.com,https://easyweb.td.com/waw/idp/userNamePasswordHelp.htm,user@usermail.com,>.=`?eu2
login.teamviewer.com,https://login.teamviewer.com/LogOn,user@usermail.com,RnCSK=_B
www.techshopbd.com,https://www.techshopbd.com/user-registration,user@usermail.com,9:@=twFE
www.thesims3.com,https://www.thesims3.com/webLogin.html,user@usermail.com,up&okb=1
www.tiberiumalliances.com,https://www.tiberiumalliances.com/login/auth/step,user@usermail.com,xe<<DBa?
www.tiberiumalliances.com,https://www.tiberiumalliances.com/login/auth/step,user@usermail.com,"Z:$ed:,K"
lassonde.ticketleap.com,https://lassonde.ticketleap.com/review-order/7f6caf20-9aa2-4725-b2aa-aabbe7f22f41/im-going,user@usermail.com,<3S#o;&r
app.tophat.com,https://app.tophat.com/register/invite/394803/info/,user@usermail.com,^xUxg>uG
tplinklogin.net,http://tplinklogin.net/,user@usermail.com,"x,F>g3AY"
tplinklogin.net,http://tplinklogin.net/userRpm/WzdPPPoERpm.htm,user@usermail.com,I~0UsJ=A
passport.twitch.tv,https://passport.twitch.tv/users/new,user@usermail.com,9OVfr}&X
twitter.com,https://twitter.com/,user@usermail.com,WBh`:|i9
twitter.com,https://twitter.com/login,user@usermail.com,1#4]oQEL
cas.id.ubc.ca,https://cas.id.ubc.ca/ubc-cas/login,user@usermail.com,Fi(Ac<|?
www.myaccount.ubc.ca,https://www.myaccount.ubc.ca/myAccount/login.xhtml,user@usermail.com,8^KU&?]q
uplayconnect.ubi.com,https://uplayconnect.ubi.com/Default/Login,user@usermail.com,""")i@$UsN"
forum.ucweb.com,http://forum.ucweb.com/misc.php,user@usermail.com,^)[f2YH@
www.udemy.com,https://www.udemy.com/unitycourse/,user@usermail.com,AZ_@])@I
www.umnet.com,http://www.umnet.com/Login.aspx,user@usermail.com,q~Y3r&&!
myacncanada.union.co,http://myacncanada.union.co/my-account,user@usermail.com,1]9b$Ti$
accounts.unrealengine.com,https://accounts.unrealengine.com/register,user@usermail.com,q%(Gm`fC
cause2give.unxvision.com,https://cause2give.unxvision.com/P2PWeb/RegistrationStep2.aspx,user@usermail.com,$GZTXbsa
www.urionlinejudge.com.br,https://www.urionlinejudge.com.br/judge/en/register,user@usermail.com,\cM)'2Cg
www.utorid.utoronto.ca,https://www.utorid.utoronto.ca/cgi-bin/utorid/enable.pl,user@usermail.com,x@!OQx75
weblogin.utoronto.ca,https://weblogin.utoronto.ca/,user@usermail.com,L^5&2E3X
identity.reservia.viarail.ca,https://identity.reservia.viarail.ca/core/login,user@usermail.com,?81p?~ug
www.warclans.com,http://www.warclans.com/coc-player/0YQNWPQ9O,user@usermail.com,NUw4JS`z
www.warframe.com,https://www.warframe.com/signup,user@usermail.com,|aV[1=]*
asia.wargaming.net,https://asia.wargaming.net/id/signin/,user@usermail.com,cb^cw;.P
www.webassign.net,https://www.webassign.net/login.html,user@usermail.com,hlN(_G/_
www.webassign.net,https://www.webassign.net/wa-auth/login,user@usermail.com,FkhI-*BX
webprint.uit.yorku.ca,https://webprint.uit.yorku.ca:9192/user,user@usermail.com,*#(-;u&W
en.wikipedia.org,https://en.wikipedia.org/w/index.php,user@usermail.com,"pQ7;G""tO"
account.xiaomi.com,https://account.xiaomi.com/pass/serviceLogin,user@usermail.com,LH;gExAc
login.yahoo.com,https://login.yahoo.com/config/login,user@usermail.com,"i%G>""4]?"
www.eecs.yorku.ca,http://www.eecs.yorku.ca/,user@usermail.com,";7}-""'GG"
forum.eecs.yorku.ca,https://forum.eecs.yorku.ca/viewforum.php,user@usermail.com,"]qKxEz,5"
wiki.eecs.yorku.ca,https://wiki.eecs.yorku.ca/course_archive/2018-19/W/3311/resources,user@usermail.com,We/vkzLv
www.library.yorku.ca,https://www.library.yorku.ca/find/MyResearch/EZProxy,user@usermail.com,eUhk@LBB
moodle.yorku.ca,https://moodle.yorku.ca/moodle/mod/assign/view.php,user@usermail.com,[>^sx};V
passportyork.yorku.ca,https://passportyork.yorku.ca/ppylogin/ppylogin,user@usermail.com,a)}r'4Vn
webwork.phys.yorku.ca,http://webwork.phys.yorku.ca/webwork2/PHYS1010/,user@usermail.com,]u@+6B5K
yts.re,https://yts.re/register,user@usermail.com,F/^KN=go
yts.to,https://yts.to/,user@usermail.com,a\Msz9$)
